<?xml version="1.0"?>
<!--

Solwin Infotech
Solwin Core Extension

@category   Solwin
@package    Solwin_Core
@copyright  Copyright © 2006-2020 Solwin (https://www.solwininfotech.com)
@license    https://www.solwininfotech.com/magento-extension-license/

-->
<config xmlns:xsi="http://www.w3.org/2001/XMLSchema-instance" xsi:noNamespaceSchemaLocation="../../../../../lib/internal/Magento/Framework/Acl/etc/acl.xsd">
    <acl>
        <resources>
            <resource id="Magento_Backend::admin">
                <resource id="Solwin_Extensions::extensions" title="Solwin" sortOrder="168231">
                </resource>
            </resource>
        </resources>
    </acl>
</config>
